PassengerId,Survived,Pclass,Sex,Age,SibSp,Parch,Fare,Embarked
1,0,3,male,29.4,1,0,8.86,Q
2,0,3,female,36.1,1,4,12.37,Q
3,1,1,female,33.4,0,1,116.71,Q
4,0,2,male,42.2,0,3,27.47,S
5,0,2,female,38.0,4,0,14.1,C
6,1,2,female,10.7,0,1,22.34,C
7,0,3,male,18.8,2,1,15.16,C
8,0,3,male,23.4,5,1,10.37,S
9,1,2,male,19.2,0,1,11.48,S
10,0,2,male,38.1,5,2,54.37,S
11,1,2,female,34.8,5,4,34.5,Q
12,1,3,female,1.0,1,4,23.02,C
13,0,1,male,34.7,5,3,93.55,Q
14,1,2,female,1.0,0,0,24.92,Q
15,1,3,female,41.4,3,0,14.89,Q
16,0,2,male,23.4,5,2,29.76,Q
17,1,1,female,31.4,4,0,45.24,Q
18,1,1,female,49.1,2,1,43.51,S
19,0,3,male,43.9,0,4,14.48,S
20,0,3,male,27.3,3,1,20.49,Q
21,1,3,female,13.2,2,3,15.72,Q
22,0,2,male,20.2,1,4,41.9,S
23,0,3,male,34.0,2,0,21.04,Q
24,0,3,male,8.2,4,4,10.36,C
25,1,3,female,32.3,3,2,13.77,C
26,1,3,male,11.3,0,0,5.0,C
27,0,3,male,30.1,3,1,14.73,C
28,0,3,male,3.9,4,0,14.92,S
29,0,3,male,61.4,1,1,10.14,C
30,1,1,female,36.9,0,3,70.34,C
31,1,3,female,1.0,4,3,16.91,S
32,0,1,male,14.6,5,2,63.3,S
33,0,3,male,45.6,1,0,13.75,Q
34,0,3,female,51.5,1,4,18.04,Q
35,1,1,female,38.7,5,2,72.45,S
36,1,1,female,1.0,0,0,97.1,C
37,1,3,male,38.7,2,1,13.29,C
38,1,3,female,26.7,4,2,16.4,Q
39,0,3,male,21.2,5,0,7.35,S
40,0,3,male,27.3,5,2,17.67,S
41,1,3,female,29.8,0,0,21.18,Q
42,0,2,male,26.3,2,1,34.81,Q
43,0,3,male,55.7,5,1,18.54,Q
44,0,2,male,26.3,2,0,31.31,C
45,0,2,male,19.1,3,4,40.7,Q
46,0,3,male,55.3,3,0,10.86,S
47,1,2,female,39.0,1,2,10.14,S
48,1,1,male,36.3,3,2,64.58,C
49,1,3,male,39.1,2,2,12.41,S
50,1,2,female,18.4,2,0,11.72,S
51,1,2,female,48.3,2,2,33.37,C
52,1,3,female,37.3,0,3,10.39,S
53,0,3,male,26.5,5,2,13.21,Q
54,1,3,female,9.3,2,3,11.72,Q
55,1,1,female,23.0,5,1,56.47,Q
56,0,2,male,26.8,4,4,36.8,Q
57,0,2,male,5.2,5,1,28.69,Q
58,1,3,female,58.7,1,2,17.73,S
59,1,1,male,30.5,0,3,111.78,C
60,1,3,female,19.5,5,0,12.11,S
61,1,1,female,40.1,0,3,86.58,S
62,1,3,female,58.1,4,4,9.27,C
63,0,3,male,29.4,2,1,7.24,Q
64,1,3,female,22.2,0,2,9.59,S
65,0,2,male,36.6,5,1,35.82,Q
66,1,2,female,16.0,1,3,27.12,C
67,1,3,male,44.8,3,3,6.4,S
68,1,2,female,51.0,3,4,9.3,Q
69,0,3,male,18.9,3,0,12.25,C
70,0,3,female,25.7,1,4,5.0,Q
71,0,2,male,42.8,3,1,35.59,S
72,1,2,female,19.0,3,2,45.74,C
73,0,1,male,30.0,2,1,70.84,Q
74,0,3,male,30.9,1,0,5.0,Q
75,0,1,male,21.0,5,2,72.32,C
76,0,3,male,31.5,2,0,9.53,Q
77,1,2,female,12.3,0,4,40.06,Q
78,1,2,female,41.2,0,4,18.51,S
79,1,2,female,48.4,0,3,36.37,C
80,0,3,female,26.0,5,4,7.67,Q
81,1,3,female,4.5,4,2,13.72,C
82,0,3,male,27.2,3,4,16.52,Q
83,1,2,female,35.3,1,2,24.64,C
84,1,3,female,14.1,1,0,10.26,S
85,0,3,male,22.6,3,3,6.36,S
86,0,1,male,23.6,3,4,114.68,Q
87,1,3,female,20.8,2,2,15.71,S
88,0,1,male,28.5,5,1,11.33,S
89,1,3,female,56.3,2,1,11.03,C
90,1,1,male,24.2,4,2,154.88,Q
91,1,3,female,31.8,2,3,12.4,C
92,1,1,male,29.6,0,0,135.69,C
93,0,3,male,44.8,2,0,18.25,S
94,1,3,male,32.2,3,2,7.94,Q
95,1,2,male,12.3,1,1,19.04,C
96,1,1,male,22.3,3,3,74.76,Q
97,0,2,male,27.3,3,0,38.32,Q
98,1,2,male,14.3,5,1,35.97,C
99,0,1,male,35.0,4,2,43.69,C
100,1,3,female,45.4,3,3,10.26,S
101,1,3,female,27.5,1,4,11.42,Q
102,1,3,female,8.9,1,3,8.71,Q
103,0,3,male,45.0,3,0,11.91,C
104,0,2,male,37.8,5,3,22.68,C
105,1,2,male,18.3,2,0,32.56,C
106,0,3,male,20.4,3,0,7.61,S
107,1,3,female,13.3,1,2,6.97,Q
108,1,2,female,57.2,4,1,49.52,Q
109,1,3,female,66.4,0,3,19.24,S
110,1,1,female,18.8,3,3,78.75,S
111,1,1,male,44.7,1,0,64.27,C
112,1,3,female,45.3,0,2,9.99,Q
113,1,3,female,40.1,3,2,8.58,C
114,1,3,female,55.8,5,1,8.53,Q
115,1,3,female,52.3,5,3,13.88,C
116,0,3,male,26.2,4,4,12.03,C
117,1,3,female,54.9,0,1,17.41,C
118,0,3,male,1.0,2,4,14.11,Q
119,1,1,female,46.6,3,2,35.62,Q
120,0,3,male,22.4,5,2,9.93,S
121,1,2,male,31.4,0,3,13.65,S
122,0,3,male,27.9,2,2,13.27,C
123,0,3,male,32.7,3,4,13.49,Q
124,0,3,male,32.2,3,2,17.95,Q
125,1,3,female,26.4,3,2,9.79,Q
126,1,3,female,18.6,3,3,12.95,S
127,0,3,female,41.7,5,3,11.84,C
128,0,3,male,49.6,2,1,8.3,Q
129,0,1,male,14.7,5,1,50.98,Q
130,0,3,male,24.5,4,2,16.22,Q
131,1,3,female,29.9,1,4,9.39,C
132,1,3,male,28.9,3,2,19.83,Q
133,1,3,female,37.5,1,3,11.47,Q
134,0,3,male,29.3,2,2,14.15,Q
135,1,3,female,37.9,0,4,13.93,Q
136,0,3,male,19.7,5,2,8.47,Q
137,0,1,male,24.5,0,1,110.73,Q
138,1,3,female,10.8,3,0,8.47,C
139,1,3,female,43.2,3,3,12.82,S
140,1,1,female,1.0,2,0,58.69,C
141,0,3,female,38.1,5,4,13.58,S
142,0,2,male,32.2,4,1,23.07,Q
143,1,3,female,33.8,4,0,5.0,C
144,0,1,male,5.7,0,0,67.47,S
145,0,3,male,27.9,2,0,11.6,S
146,0,3,male,6.0,4,4,13.08,S
147,0,1,male,25.6,5,4,19.35,C
148,0,3,male,57.1,3,0,11.93,C
149,0,2,male,26.5,1,2,35.35,Q
150,1,3,female,16.2,2,3,15.85,Q
151,0,1,male,42.2,4,1,47.56,C
152,1,1,female,36.6,5,0,55.03,C
153,1,3,female,50.4,3,0,10.16,S
154,1,1,male,29.5,1,4,52.98,S
155,0,3,female,23.1,5,3,8.21,Q
156,1,2,female,19.0,1,1,41.07,Q
157,1,3,female,37.6,2,4,8.68,S
158,0,3,male,14.1,5,2,8.11,S
159,1,3,female,41.5,1,1,10.15,Q
160,1,1,male,44.4,3,3,98.77,C
161,1,2,female,33.0,0,0,16.6,S
162,0,3,male,27.1,3,4,18.13,C
163,0,1,male,26.2,5,4,91.22,C
164,1,2,male,15.0,0,1,38.69,C
165,1,3,female,28.3,3,3,14.06,S
166,1,3,male,3.5,2,0,11.99,C
167,1,1,male,24.5,2,4,82.82,C
168,1,3,female,26.5,2,1,16.15,Q
169,1,3,female,53.0,1,3,16.26,Q
170,1,1,female,29.7,1,0,60.19,Q
171,0,3,male,40.8,5,1,9.83,S
172,1,2,male,11.1,5,0,19.35,S
173,1,3,female,30.7,3,4,5.0,Q
174,1,3,female,33.1,3,2,13.28,C
175,0,2,male,24.3,0,2,40.7,C
176,1,3,male,17.5,3,4,8.7,Q
177,0,3,male,5.8,5,1,14.38,C
178,1,3,male,5.7,2,0,14.35,Q
179,1,1,female,47.0,4,1,78.07,C
180,1,2,female,33.2,0,2,14.36,S
181,0,3,female,25.2,5,4,18.58,S
182,0,3,male,40.5,5,3,10.19,S
183,1,3,female,11.3,2,1,9.82,Q
184,0,3,male,21.1,2,0,8.5,C
185,0,3,female,45.3,1,1,10.43,S
186,0,3,male,12.6,5,4,11.75,S
187,0,3,male,23.4,1,4,10.61,S
188,1,1,female,25.4,3,4,61.55,C
189,0,3,male,18.2,3,1,11.23,C
190,1,3,female,18.9,3,4,12.81,Q
191,1,1,male,32.4,2,0,65.5,Q
192,1,2,male,26.0,0,2,17.72,S
193,1,2,male,33.0,1,3,25.98,C
194,1,2,female,19.7,0,2,29.9,S
195,1,3,female,32.0,2,3,9.79,Q
196,1,3,female,28.6,0,0,12.14,C
197,1,1,female,38.8,2,0,94.85,S
198,0,3,female,54.6,3,4,15.07,Q
199,0,3,male,27.7,0,4,8.58,C
200,0,2,male,16.9,4,4,28.54,Q
201,0,3,male,17.8,5,3,15.01,C
202,1,1,male,17.2,5,0,117.66,Q
203,0,2,male,22.4,5,1,37.64,Q
204,0,3,male,31.9,3,0,10.6,C
205,0,3,male,25.2,3,4,15.32,C
206,0,3,male,23.7,0,2,20.15,C
207,1,2,female,28.8,3,2,7.74,S
208,1,3,female,37.1,0,3,5.58,Q
209,1,1,female,27.5,5,2,90.31,C
210,1,3,male,25.2,0,2,8.37,Q
211,0,2,male,47.8,2,4,36.79,Q
212,0,3,male,42.2,3,0,6.85,S
213,1,3,female,7.8,0,4,19.82,S
214,1,3,female,24.7,1,4,12.58,C
215,0,3,male,33.1,1,3,11.76,Q
216,1,3,female,33.4,1,4,5.53,C
217,0,3,male,49.7,3,1,17.73,Q
218,1,1,female,19.1,4,4,41.71,C
219,0,3,male,34.5,0,1,7.18,S
220,1,3,female,17.3,4,1,10.66,Q
221,1,1,female,52.3,4,3,79.89,C
222,1,1,female,20.4,5,4,56.13,C
223,0,3,male,30.8,4,0,9.81,S
224,1,2,male,20.3,2,4,44.82,C
225,1,2,female,38.4,4,0,36.31,Q
226,0,3,male,39.3,4,2,17.17,Q
227,0,3,male,49.2,4,2,13.7,Q
228,0,3,male,10.3,2,2,12.07,C
229,1,3,female,28.4,0,1,13.56,C
230,1,3,female,20.5,5,2,9.74,Q
231,1,2,female,39.2,4,0,37.4,C
232,1,1,female,30.1,2,3,92.63,Q
233,0,3,male,42.7,5,2,5.0,S
234,1,3,female,18.0,0,0,12.03,C
235,1,3,male,26.2,2,3,11.34,Q
236,1,3,female,29.6,0,3,12.52,S
237,0,3,female,20.6,4,4,15.17,S
238,1,2,female,6.2,2,4,29.52,Q
239,1,1,male,10.4,2,4,110.82,C
240,1,1,female,25.7,1,2,80.0,C
241,1,1,male,20.9,1,3,114.05,Q
242,1,2,female,13.3,3,4,29.42,C
243,1,1,female,12.0,4,2,10.53,Q
244,1,3,female,28.0,4,4,18.1,S
245,0,3,male,7.9,3,1,10.98,Q
246,0,3,male,35.5,3,1,16.22,C
247,1,2,female,45.9,0,1,17.72,Q
248,1,2,female,18.0,1,3,28.55,Q
249,1,2,female,23.0,1,2,25.62,Q
250,1,3,female,32.9,5,3,5.5,C
251,1,3,female,25.7,4,3,17.33,C
252,0,3,male,27.1,5,0,15.35,C
253,1,3,female,35.9,2,4,19.68,Q
254,0,1,male,31.0,4,1,121.64,Q
255,1,1,female,28.7,1,0,67.38,Q
256,1,1,female,20.8,2,2,82.64,C
257,0,3,male,24.1,5,0,9.5,S
258,1,3,male,44.1,3,1,11.92,Q
259,0,3,male,48.1,0,2,12.32,C
260,0,3,female,35.8,4,3,10.55,C
261,1,1,male,27.6,5,1,39.81,S
262,0,3,male,42.4,3,3,19.38,Q
263,0,2,male,33.1,2,1,35.3,S
264,1,1,female,41.4,5,4,73.24,S
265,1,2,male,36.5,2,1,32.0,C
266,1,3,female,22.7,2,2,6.42,Q
267,1,3,female,43.3,4,2,17.72,C
268,0,3,male,31.6,4,0,5.67,Q
269,0,3,male,35.9,4,4,10.98,S
270,1,1,female,39.2,5,1,56.05,Q
271,1,1,female,35.5,4,3,51.29,C
272,0,3,female,27.7,0,1,7.84,Q
273,0,2,male,25.2,0,3,29.05,S
274,1,1,male,33.8,5,3,5.0,C
275,1,2,female,14.9,5,4,41.2,S
276,1,2,male,44.0,1,1,29.53,S
277,0,3,female,21.9,4,3,7.33,S
278,1,2,female,40.8,0,0,49.84,Q
279,0,3,male,30.3,4,0,13.57,C
280,0,3,male,30.1,3,1,13.26,Q
281,0,3,male,58.3,1,4,22.27,C
282,1,3,female,32.4,5,4,20.56,S
283,1,2,male,19.6,3,0,22.11,C
284,1,3,female,25.3,2,3,7.94,S
285,0,3,male,23.1,3,0,18.25,Q
286,1,2,male,21.8,2,0,35.2,C
287,1,1,male,42.9,4,4,88.67,S
288,1,1,male,2.0,2,2,87.3,S
289,0,1,male,29.5,1,4,33.09,Q
290,0,3,female,32.2,4,2,7.94,C
291,1,3,female,5.3,5,3,13.6,C
292,1,2,female,56.8,5,1,35.94,S
293,1,3,female,27.4,1,3,14.66,Q
294,0,3,female,28.8,5,3,19.79,C
295,1,3,male,41.2,1,4,16.07,Q
296,1,3,male,49.6,0,3,9.89,S
297,1,1,male,46.6,2,0,81.91,Q
298,0,3,female,28.7,4,4,11.37,C
299,0,3,female,18.8,4,3,11.23,S
300,1,1,male,31.1,2,2,118.88,C
301,1,1,female,19.9,5,1,85.33,C
302,0,3,male,41.4,4,3,14.27,S
303,0,3,male,15.1,2,4,12.0,S
304,0,3,male,36.8,4,3,20.21,C
305,1,1,female,44.5,0,1,58.68,C
306,0,1,male,30.3,3,0,35.78,C
307,1,2,female,22.3,3,1,18.26,Q
308,1,3,female,44.2,0,2,13.49,Q
309,1,3,female,42.2,5,2,11.28,C
310,1,2,female,10.8,5,3,36.58,S
311,1,2,male,28.7,1,3,25.77,Q
312,1,1,female,27.3,0,2,92.14,C
313,0,2,male,42.7,4,4,35.81,Q
314,1,1,female,12.2,2,3,67.39,S
315,0,2,male,27.2,1,4,16.72,Q
316,0,2,male,28.7,1,0,38.24,S
317,1,2,female,32.7,1,3,20.27,Q
318,0,3,male,18.5,2,4,21.64,C
319,1,2,female,6.4,5,4,38.26,S
320,0,3,male,21.3,3,2,12.35,C
321,1,3,male,24.8,3,2,15.03,S
322,0,1,male,22.6,5,3,47.82,Q
323,0,3,male,40.5,3,3,5.21,S
324,0,2,male,24.6,0,3,11.92,Q
325,1,2,female,6.2,2,4,24.97,Q
326,0,1,male,22.8,5,4,58.07,S
327,0,3,female,42.3,3,0,11.22,S
328,0,1,male,16.9,5,4,89.32,Q
329,0,2,male,18.4,0,0,30.95,Q
330,1,2,female,33.6,2,3,17.55,S
331,1,3,female,33.9,5,0,12.52,S
332,0,3,male,50.8,4,1,9.06,Q
333,1,3,female,31.6,1,1,16.25,Q
334,0,2,male,15.9,0,1,33.47,S
335,0,3,male,7.8,4,1,8.48,C
336,1,3,female,22.2,5,2,7.72,Q
337,1,2,male,14.4,4,1,46.57,Q
338,0,2,male,24.3,1,2,21.97,S
339,1,3,female,23.4,3,3,13.12,S
340,1,3,male,14.7,1,1,10.35,C
341,1,3,female,45.4,1,3,10.56,Q
342,1,3,female,6.9,3,1,16.06,S
343,0,3,male,27.1,4,2,15.25,S
344,1,3,female,23.5,0,2,11.37,Q
345,1,2,male,30.9,1,3,18.69,S
346,1,3,male,14.2,3,2,27.31,C
347,0,1,male,31.7,5,4,59.67,Q
348,1,3,female,33.9,1,1,13.99,S
349,1,3,male,20.2,2,4,17.86,C
350,1,3,male,45.4,3,0,17.26,C
351,0,1,male,30.0,1,3,124.14,C
352,1,3,female,26.1,0,3,13.18,Q
353,1,3,female,14.5,4,0,13.36,Q
354,1,3,female,44.7,3,1,5.95,C
355,1,3,female,36.0,4,1,8.64,Q
356,1,3,male,48.8,3,0,13.68,S
357,1,1,female,65.3,1,1,80.3,Q
358,1,3,female,41.0,0,2,14.2,Q
359,1,1,female,14.1,1,3,48.02,Q
360,1,1,male,22.6,1,4,82.17,Q
361,1,1,female,47.1,3,1,5.0,C
362,1,2,male,40.7,2,1,36.07,C
363,0,3,male,16.7,0,4,7.09,Q
364,1,3,female,24.2,5,1,14.34,C
365,0,2,male,35.5,0,4,32.5,Q
366,1,3,female,32.7,5,0,8.94,S
367,1,3,female,33.9,5,2,5.67,S
368,1,3,female,28.7,1,3,13.35,C
369,0,3,male,1.0,2,2,9.95,S
370,1,3,female,15.9,3,0,16.76,S
371,1,1,male,34.8,3,4,82.45,C
372,1,3,female,17.4,5,4,13.97,Q
373,1,2,female,57.7,1,4,41.27,C
374,0,3,male,24.5,1,0,16.19,S
375,0,2,female,26.4,5,1,27.71,S
376,0,1,male,47.8,4,4,139.34,Q
377,1,2,female,29.2,0,2,24.77,C
378,1,1,male,13.3,0,3,80.81,Q
379,1,1,male,46.5,0,1,54.15,Q
380,1,1,male,30.5,3,1,111.62,S
381,1,3,female,31.7,5,2,15.13,C
382,1,3,male,1.0,1,1,11.88,Q
383,0,3,male,50.1,2,2,6.12,S
384,0,1,male,23.7,5,4,127.39,S
385,0,3,female,54.2,5,4,11.9,S
386,0,3,male,31.4,5,0,15.85,C
387,1,3,female,43.7,1,3,15.14,C
388,0,3,male,28.5,1,4,10.2,C
389,0,2,male,15.5,5,3,23.94,S
390,1,1,male,30.9,2,3,101.7,Q
391,1,2,female,29.2,1,1,34.1,Q
392,1,1,female,16.0,4,2,86.05,S
393,0,3,male,51.4,2,4,16.1,S
394,0,3,male,38.9,2,3,13.72,Q
395,0,2,male,44.0,3,4,32.07,Q
396,0,1,male,32.6,0,0,65.51,S
397,1,3,female,17.1,0,4,5.0,Q
398,0,3,male,39.3,5,3,11.95,S
399,1,3,female,54.0,0,1,18.98,Q
400,1,3,female,50.9,1,2,13.17,S
401,1,2,female,32.8,4,4,28.14,S
402,1,3,female,40.5,1,3,13.27,S
403,0,3,male,12.8,0,3,6.46,Q
404,1,3,female,19.9,2,3,16.5,C
405,0,2,male,55.1,2,0,33.51,C
406,0,3,male,36.3,5,1,11.69,C
407,0,3,male,33.0,4,3,5.0,C
408,0,3,male,38.4,5,2,17.03,Q
409,0,3,male,21.7,3,4,10.95,C
410,0,1,male,31.1,4,3,99.56,S
411,0,3,male,25.3,2,0,14.21,S
412,0,3,male,34.1,2,0,5.0,C
413,1,3,male,23.6,1,3,15.17,Q
414,0,3,male,25.2,4,2,6.8,S
415,0,3,female,22.5,1,1,18.01,Q
416,1,3,female,44.2,4,0,6.19,S
417,0,3,male,25.8,3,1,10.49,C
418,1,1,female,44.4,0,2,130.69,C
419,0,1,male,15.5,5,0,119.75,S
420,0,3,male,42.2,3,2,8.75,Q
421,0,3,male,32.9,0,2,13.4,S
422,1,3,male,14.0,1,0,19.37,Q
423,1,3,female,14.0,3,0,8.77,C
424,1,1,female,33.6,1,1,90.8,C
425,1,3,female,23.7,0,0,9.01,C
426,0,3,male,31.2,0,2,12.12,Q
427,1,3,male,38.5,2,0,12.41,C
428,1,2,female,1.0,2,0,34.05,Q
429,1,1,female,19.6,2,3,102.25,C
430,0,3,male,42.6,0,0,17.27,Q
431,0,3,male,4.7,4,3,9.34,Q
432,0,3,male,24.4,5,0,12.25,Q
433,0,3,male,47.1,1,1,16.85,S
434,1,1,female,48.7,1,1,100.07,Q
435,0,3,male,45.2,4,2,14.78,C
436,0,3,male,34.5,4,3,6.29,S
437,1,1,male,46.0,0,2,63.64,Q
438,0,3,female,18.0,4,3,15.25,S
439,1,2,female,58.5,2,1,35.32,S
440,1,3,female,55.6,2,2,12.98,C
441,0,3,male,39.9,2,3,11.48,C
442,1,2,male,33.7,3,3,36.69,Q
443,1,3,male,50.2,3,1,14.65,Q
444,1,1,male,36.6,0,1,66.76,S
445,0,3,male,26.1,4,3,19.73,Q
446,0,3,male,16.9,1,3,16.05,Q
447,1,2,female,29.9,2,0,13.96,C
448,0,3,male,42.6,5,1,7.26,C
449,0,3,male,22.6,1,4,12.36,S
450,1,3,female,24.9,2,3,5.58,C
451,0,3,male,9.4,4,3,13.31,Q
452,1,3,female,12.6,2,2,9.88,Q
453,1,1,female,12.3,2,2,36.97,S
454,0,3,male,38.6,4,3,5.0,Q
455,1,1,male,2.9,2,3,5.0,C
456,1,1,male,17.8,5,4,116.89,Q
457,1,3,female,3.0,5,4,11.63,S
458,0,3,female,27.2,1,2,6.69,Q
459,1,2,female,4.3,2,2,40.5,Q
460,1,3,female,48.7,4,4,13.97,S
461,1,1,male,39.2,2,3,59.69,S
462,1,1,male,7.3,3,1,149.04,C
463,0,1,male,10.3,1,2,83.08,Q
464,0,3,male,30.6,1,3,9.45,S
465,1,2,female,1.0,3,0,45.53,S
466,0,3,male,48.3,4,1,7.57,S
467,0,3,male,34.3,2,1,20.5,S
468,0,3,male,33.9,2,3,12.51,Q
469,1,3,female,65.1,2,3,5.0,C
470,1,1,female,39.9,1,1,82.39,Q
471,0,3,male,16.4,0,3,16.53,Q
472,0,3,male,26.4,0,0,11.27,S
473,1,2,female,37.6,5,1,35.62,S
474,1,3,female,24.3,4,2,12.92,Q
475,1,1,male,10.6,2,0,77.18,S
476,1,3,female,48.4,2,3,5.0,C
477,0,3,male,23.9,1,0,7.55,S
478,1,3,female,33.6,4,0,13.47,Q
479,0,3,male,1.0,2,3,15.1,S
480,1,1,male,37.9,5,2,58.81,C
481,0,1,male,37.6,5,1,80.93,C
482,1,2,female,34.5,2,1,26.79,S
483,1,3,female,41.0,3,3,6.48,Q
484,1,1,male,28.4,1,0,70.82,C
485,1,3,female,35.7,2,4,15.73,S
486,0,3,male,13.9,3,3,12.52,S
487,0,3,male,24.1,5,4,5.93,Q
488,1,3,female,8.8,4,0,11.23,C
489,1,2,female,19.7,1,4,17.12,Q
490,1,3,male,14.3,3,1,11.83,S
491,1,2,female,34.4,1,4,29.37,Q
492,0,3,male,5.7,3,0,13.92,C
493,1,1,female,29.9,3,3,74.7,S
494,0,1,male,39.3,5,2,10.52,Q
495,1,3,female,42.7,0,1,10.78,C
496,1,3,female,27.2,3,0,8.1,S
497,1,1,female,17.8,2,4,111.33,Q
498,0,1,male,4.0,5,3,82.48,S
499,1,1,male,42.7,3,1,68.12,Q
500,0,3,male,53.9,4,0,8.44,C
501,0,3,male,31.3,5,0,11.91,Q
502,1,3,female,51.7,1,4,8.65,S
503,1,1,female,19.5,2,4,48.05,C
504,0,3,male,24.7,2,3,22.69,S
505,1,3,female,39.7,2,4,7.59,Q
506,1,1,female,17.8,1,1,21.82,Q
507,0,3,male,31.2,4,4,6.61,Q
508,0,3,female,40.5,0,4,8.94,S
509,0,1,male,37.2,1,2,124.34,Q
510,1,3,female,35.0,2,3,17.03,S
511,0,3,male,29.1,1,4,6.61,Q
512,1,3,female,3.3,5,2,18.83,Q
513,1,3,male,12.3,3,1,6.97,Q
514,1,3,male,35.9,2,3,5.0,S
515,1,1,male,29.3,0,3,65.94,C
516,1,1,female,45.7,1,0,81.11,S
517,1,3,female,11.8,2,0,12.32,Q
518,1,1,male,5.6,1,3,73.65,Q
519,0,1,male,45.4,2,2,52.37,C
520,1,3,female,56.1,5,0,11.83,S
521,0,2,male,50.5,2,3,25.94,S
522,1,3,female,46.7,2,4,12.78,Q
523,1,1,male,27.5,0,1,90.49,Q
524,0,3,male,18.4,5,3,5.65,S
525,1,3,female,9.9,5,1,5.0,S
526,0,2,male,37.9,2,4,32.92,S
527,1,1,female,17.2,3,3,96.82,C
528,0,3,male,17.7,5,4,7.48,S
529,1,1,male,24.7,4,0,121.28,C
530,1,2,female,31.5,1,4,27.64,S
531,1,2,female,37.6,5,2,28.55,S
532,1,3,male,47.6,3,4,13.42,Q
533,1,2,female,37.2,4,1,52.16,S
534,1,3,female,33.0,4,0,14.5,Q
535,1,3,female,25.0,1,4,9.19,C
536,0,2,male,45.7,1,2,38.58,C
537,1,3,female,27.2,4,2,9.74,C
538,1,1,female,30.2,5,3,99.81,C
539,1,1,female,41.2,2,2,58.33,C
540,0,1,male,45.1,1,4,33.57,S
541,0,3,male,25.8,4,0,5.0,Q
542,0,3,male,44.7,4,4,9.05,C
543,1,1,female,34.0,5,2,127.48,S
544,0,3,female,28.7,1,4,12.46,Q
545,1,3,female,39.8,4,1,16.57,Q
546,0,3,male,33.2,0,2,16.76,C
547,1,3,female,6.1,0,0,18.07,Q
548,1,3,female,35.6,4,4,9.17,S
549,0,2,male,16.5,1,4,28.93,C
550,1,3,female,37.7,0,4,5.0,S
551,1,1,female,32.2,2,4,97.49,Q
552,1,3,female,38.4,3,3,5.79,C
553,1,1,female,34.1,4,4,81.17,S
554,0,3,male,40.2,1,4,13.12,C
555,0,3,male,46.3,2,0,7.31,S
556,1,3,female,42.6,4,1,18.95,Q
557,1,1,female,40.5,3,4,117.03,Q
558,0,2,male,37.3,4,3,34.45,S
559,1,1,male,42.4,0,0,56.05,C
560,0,3,male,49.3,5,3,7.63,Q
561,1,3,female,33.2,3,2,19.5,Q
562,0,3,male,20.4,1,0,13.45,C
563,0,3,female,38.2,0,4,18.12,Q
564,1,1,male,25.4,2,0,57.44,S
565,1,3,female,39.0,2,4,8.52,C
566,1,2,male,9.1,3,1,39.53,C
567,1,3,female,8.7,3,1,8.6,Q
568,1,1,male,43.5,2,4,99.66,Q
569,1,3,male,14.7,0,1,15.83,C
570,0,2,male,28.9,4,0,40.07,Q
571,0,3,female,25.5,1,3,6.5,C
572,0,3,female,38.3,4,4,18.91,Q
573,1,1,male,17.0,1,0,111.52,C
574,1,2,female,22.2,0,0,33.93,S
575,1,3,female,15.2,1,4,18.32,S
576,0,2,male,29.0,0,4,40.71,S
577,0,2,male,41.5,4,4,5.13,C
578,1,3,female,32.9,3,3,5.0,Q
579,1,3,female,48.1,1,1,14.45,C
580,1,2,male,26.7,2,0,22.18,C
581,1,3,male,21.7,2,2,11.11,S
582,0,2,male,20.7,5,1,30.04,C
583,1,1,male,36.8,0,0,57.5,S
584,0,3,male,31.6,0,3,6.78,C
585,1,3,female,1.0,4,2,12.7,C
586,0,3,male,15.5,4,0,11.29,Q
587,0,3,male,23.2,4,3,12.57,C
588,0,1,male,25.3,2,4,88.87,C
589,1,2,female,11.0,2,1,32.59,C
590,1,2,female,20.6,3,1,37.97,Q
591,0,3,male,38.8,1,4,5.83,C
592,1,1,male,28.1,3,3,80.66,S
593,1,3,female,32.6,4,4,8.54,S
594,0,3,male,32.3,5,0,15.14,C
595,1,2,female,1.0,2,2,20.99,S
596,0,2,male,12.0,4,1,22.94,C
597,1,3,female,32.4,0,3,7.48,Q
598,0,3,male,43.5,2,3,7.58,Q
599,0,2,male,41.3,2,2,34.59,Q
600,1,2,female,28.0,2,4,41.29,Q
601,1,2,male,34.4,1,2,25.7,Q
602,0,1,male,25.0,3,4,87.56,S
603,0,2,male,45.4,0,3,38.85,C
604,1,3,female,24.8,1,0,10.41,S
605,1,3,female,40.3,4,2,8.45,Q
606,0,3,male,17.0,5,4,9.49,C
607,1,3,female,43.5,1,0,9.39,C
608,0,2,male,29.9,1,2,30.13,C
609,1,1,female,45.1,0,3,69.57,C
610,1,3,female,40.9,3,3,20.05,S
611,1,3,female,34.7,0,3,9.39,Q
612,1,3,female,25.0,2,3,18.76,S
613,1,1,female,41.9,3,2,99.73,Q
614,0,1,male,51.4,0,1,140.49,S
615,1,1,female,28.5,1,0,59.83,C
616,1,2,female,45.6,0,2,29.85,S
617,0,3,male,28.6,4,3,16.17,S
618,1,3,female,33.4,5,1,10.11,C
619,1,2,male,37.2,0,4,46.25,Q
620,1,3,female,37.6,5,0,11.04,Q
621,1,3,female,18.3,2,0,12.42,Q
622,1,1,female,26.2,2,4,95.12,S
623,0,2,male,11.3,5,4,22.15,S
624,1,1,male,8.7,2,0,80.02,S
625,1,1,male,37.2,4,2,94.48,C
626,1,1,female,25.3,0,3,91.72,Q
627,1,2,female,33.3,2,2,36.27,Q
628,0,3,male,37.4,2,2,13.02,Q
629,1,1,female,27.0,4,2,22.31,Q
630,1,3,female,37.8,4,1,17.92,Q
631,1,2,female,43.1,0,0,38.17,S
632,0,1,male,23.6,4,3,81.17,Q
633,1,3,female,39.4,5,0,12.9,S
634,1,1,female,53.8,3,0,57.0,C
635,1,3,female,40.9,0,4,5.28,C
636,1,3,female,38.6,4,0,13.38,S
637,0,3,male,37.2,4,1,17.75,Q
638,0,2,male,31.9,5,3,16.31,Q
639,0,3,male,34.7,4,2,6.88,Q
640,1,3,female,57.6,4,2,8.32,C
641,1,3,female,16.0,1,3,8.6,Q
642,1,2,female,16.7,5,0,33.42,C
643,1,3,female,70.3,1,2,12.5,S
644,0,3,female,44.6,4,4,9.55,S
645,0,3,male,38.6,4,1,15.07,S
646,1,2,female,21.1,0,2,26.91,C
647,0,3,male,20.2,5,4,10.0,C
648,1,1,female,15.1,3,0,122.15,S
649,0,3,male,16.8,0,2,7.57,Q
650,0,3,male,19.9,1,0,17.75,Q
651,1,2,female,30.3,0,1,16.26,C
652,0,2,male,21.8,5,0,40.23,Q
653,1,1,female,31.1,1,3,65.37,Q
654,0,2,male,1.0,4,1,16.55,S
655,1,3,female,22.7,0,3,6.95,C
656,1,1,female,27.4,2,1,76.55,C
657,1,3,female,19.2,1,1,8.84,Q
658,0,3,male,33.6,4,1,12.91,C
659,0,3,male,24.6,2,1,16.46,Q
660,1,1,female,11.4,1,0,68.19,C
661,0,3,male,29.8,1,4,13.48,C
662,0,3,male,48.8,5,2,14.51,S
663,1,3,female,31.6,5,0,16.08,C
664,0,3,male,36.4,3,4,16.56,Q
665,1,2,female,23.0,1,0,39.08,C
666,1,2,female,33.4,4,2,58.94,S
667,1,3,male,62.1,1,1,8.48,C
668,0,3,male,27.9,5,4,6.95,Q
669,0,2,male,19.2,4,2,34.05,C
670,1,1,male,11.4,1,1,59.28,C
671,0,3,male,2.3,1,4,15.91,S
672,1,3,male,40.8,1,0,19.36,C
673,1,2,female,22.4,5,2,46.41,S
674,1,1,male,70.3,4,2,93.4,Q
675,1,1,male,30.4,0,3,86.39,S
676,1,3,female,35.6,3,1,15.81,S
677,0,1,male,60.6,1,1,49.03,S
678,1,3,female,40.9,2,3,8.39,S
679,1,3,female,27.4,5,4,7.87,Q
680,0,3,male,14.8,0,1,11.4,Q
681,0,3,male,14.2,5,0,10.21,S
682,1,2,female,31.7,1,3,21.48,C
683,0,1,male,10.3,0,4,89.16,S
684,0,3,male,20.3,0,1,14.31,C
685,0,3,male,34.5,2,1,10.77,Q
686,1,1,female,26.1,5,3,71.18,Q
687,1,3,male,20.1,1,2,14.84,Q
688,0,3,male,36.0,5,0,10.06,C
689,1,3,female,27.9,1,1,14.57,S
690,1,2,female,13.6,0,4,30.18,C
691,0,3,female,15.5,4,4,13.3,S
692,0,3,male,37.6,5,2,12.72,S
693,1,1,female,27.1,0,3,90.47,S
694,1,2,male,52.8,2,0,26.33,S
695,1,2,female,40.1,4,0,14.0,C
696,1,1,female,23.1,1,1,105.43,Q
697,0,3,male,8.7,5,2,12.66,C
698,1,2,female,47.3,3,4,23.59,Q
699,0,3,male,37.6,2,1,9.96,S
700,0,3,male,29.2,4,3,9.15,C
701,0,2,male,39.4,2,2,30.5,S
702,1,3,female,30.7,2,2,9.95,C
703,0,3,male,34.5,2,3,9.6,C
704,1,3,female,38.7,4,2,15.87,C
705,0,2,male,36.0,5,2,22.38,Q
706,1,1,female,39.0,2,0,24.22,S
707,1,1,female,11.2,4,4,41.58,C
708,1,1,female,26.6,0,2,56.62,C
709,1,3,female,1.0,1,4,15.07,C
710,1,2,male,35.4,3,4,7.13,S
711,0,3,male,41.7,5,4,20.86,C
712,1,1,male,44.5,5,1,20.63,S
713,0,3,male,62.5,5,4,12.25,S
714,1,3,male,9.6,2,0,11.21,Q
715,0,3,male,26.1,2,4,14.48,C
716,1,3,female,36.6,0,4,14.71,Q
717,1,1,female,19.4,5,2,73.2,Q
718,1,1,female,25.6,0,3,77.72,Q
719,0,2,male,22.1,4,4,32.94,Q
720,1,3,female,20.1,5,4,19.16,S
721,1,3,female,24.4,5,3,11.23,S
722,1,3,female,1.0,1,4,13.88,C
723,1,2,female,37.0,3,3,8.92,S
724,1,1,female,21.7,2,4,84.13,Q
725,0,1,male,20.7,2,4,116.02,C
726,0,2,male,1.0,3,0,21.59,C
727,1,3,female,33.2,2,4,7.61,Q
728,0,3,male,28.5,3,0,5.39,Q
729,0,2,male,33.8,3,0,24.12,Q
730,1,3,female,20.6,0,0,17.34,S
731,0,3,male,30.9,3,4,5.83,C
732,0,3,male,37.9,2,4,20.27,Q
733,1,3,female,23.8,0,4,5.0,S
734,0,3,male,33.0,4,0,10.79,S
735,1,3,female,38.8,0,1,14.18,C
736,1,2,female,26.6,3,4,19.59,S
737,0,3,male,4.7,2,3,9.24,S
738,1,3,male,33.6,0,1,13.21,Q
739,0,3,male,47.3,3,3,15.05,Q
740,0,2,male,15.9,3,3,33.12,C
741,0,2,male,6.1,1,4,20.43,C
742,1,3,female,33.8,3,2,12.24,S
743,0,3,male,44.2,2,3,17.3,Q
744,0,3,male,30.6,5,0,17.93,Q
745,1,3,female,7.0,4,0,6.08,C
746,1,3,female,1.0,2,2,17.09,S
747,1,3,female,27.4,0,3,6.65,Q
748,1,1,female,37.1,2,3,43.47,S
749,1,1,female,29.8,2,2,118.73,S
750,0,3,male,22.7,1,2,8.6,Q
751,1,1,male,26.8,1,4,89.81,S
752,1,3,female,31.3,3,1,8.93,S
753,0,3,male,15.3,0,0,6.51,S
754,1,3,female,29.4,4,1,5.0,C
755,1,2,female,47.3,0,2,46.78,C
756,1,2,male,44.1,2,3,37.42,Q
757,1,3,female,26.8,2,4,19.5,C
758,0,3,male,28.2,1,4,6.43,C
759,1,3,female,10.0,0,0,10.15,C
760,1,1,female,16.6,2,1,116.16,S
761,1,1,male,49.0,5,0,67.78,S
762,1,1,male,47.1,2,2,53.74,C
763,1,1,female,40.0,3,2,69.49,C
764,0,1,male,20.7,0,2,96.91,C
765,1,1,male,23.2,3,0,68.78,S
766,0,2,male,48.9,0,0,21.31,S
767,1,3,female,46.3,5,0,12.58,S
768,1,2,female,45.1,4,3,22.26,C
769,0,3,male,28.9,5,3,11.91,S
770,1,3,female,24.0,0,0,15.09,C
771,0,3,male,42.8,2,1,6.03,S
772,0,3,male,25.8,0,2,15.98,C
773,0,3,male,35.8,5,4,14.12,S
774,1,1,female,1.0,3,0,80.14,S
775,1,2,male,22.0,5,4,34.05,C
776,0,3,male,29.4,0,0,8.95,Q
777,1,3,female,46.2,1,1,8.79,S
778,1,1,female,32.7,4,1,68.56,Q
779,0,3,male,4.9,1,0,12.14,S
780,1,3,female,12.8,4,4,22.24,S
781,0,3,male,31.7,2,0,6.39,S
782,0,3,male,24.1,3,1,6.97,Q
783,1,1,female,30.4,3,0,75.1,S
784,1,3,female,8.0,3,1,15.83,S
785,1,2,female,1.9,4,0,43.0,Q
786,0,3,male,12.9,2,3,6.74,S
787,0,1,male,9.5,4,4,42.08,S
788,0,3,male,28.5,1,3,14.72,C
789,0,3,male,42.6,1,3,13.33,C
790,1,3,female,52.1,4,1,13.85,S
791,0,3,male,39.3,3,4,13.32,Q
792,1,1,female,30.8,1,0,93.42,S
793,1,3,female,34.2,4,3,10.96,S
794,1,1,female,35.9,3,1,104.36,Q
795,1,2,female,45.0,0,2,41.56,S
796,1,3,female,36.1,2,4,15.39,S
797,1,3,male,14.3,1,0,9.49,C
798,0,3,male,7.6,2,0,7.65,Q
799,0,3,male,21.4,4,1,16.89,Q
800,0,2,male,45.3,4,0,32.95,C
801,0,3,male,20.1,4,0,12.92,Q
802,0,3,male,23.5,0,0,14.41,C
803,1,1,female,44.6,0,3,43.83,C
804,1,3,female,41.3,5,3,19.81,Q
805,0,3,male,13.9,4,0,16.26,C
806,1,2,male,31.3,2,0,25.81,Q
807,0,3,male,40.2,4,0,14.57,C
808,0,3,male,7.6,1,2,9.3,S
809,0,3,male,30.5,2,2,5.0,C
810,1,2,male,41.9,3,4,33.75,Q
811,1,3,female,17.2,5,0,13.2,S
812,0,3,male,23.2,0,0,13.67,S
813,1,3,female,35.5,5,0,14.3,C
814,0,3,male,15.6,5,0,12.72,C
815,1,1,male,38.6,2,3,50.81,Q
816,1,3,female,9.3,4,4,12.54,C
817,1,3,female,35.1,3,2,14.87,C
818,1,1,female,22.5,4,1,148.41,Q
819,0,1,male,41.4,5,1,43.58,S
820,1,1,female,16.5,2,1,66.37,S
821,1,1,female,37.8,3,4,77.82,S
822,0,1,male,16.4,1,3,98.59,C
823,0,3,female,22.9,2,4,9.19,Q
824,1,3,female,26.4,3,0,13.74,S
825,1,1,male,8.1,3,2,111.11,S
826,0,3,male,21.4,2,1,10.51,S
827,0,3,male,43.9,3,2,11.36,Q
828,1,3,female,12.2,3,2,16.0,C
829,1,2,female,24.6,4,0,40.65,S
830,1,2,female,33.8,5,3,21.82,Q
831,1,1,male,37.4,4,2,98.68,S
832,1,3,female,42.2,2,3,14.27,S
833,0,3,male,38.3,2,4,19.54,C
834,1,3,female,7.0,1,0,12.26,S
835,1,2,female,44.7,2,3,40.94,S
836,0,3,male,53.4,3,0,13.27,Q
837,1,3,female,43.3,3,0,7.65,C
838,1,3,female,32.5,2,3,13.25,Q
839,1,1,female,17.2,2,0,110.5,C
840,1,3,male,6.2,1,0,11.38,Q
841,1,3,female,39.9,2,2,6.35,Q
842,1,2,female,31.0,4,2,28.48,C
843,0,2,male,36.5,1,1,33.65,Q
844,0,3,male,2.9,0,1,16.64,S
845,0,2,female,39.7,4,4,38.69,C
846,0,2,male,34.8,1,1,50.39,C
847,1,1,male,8.8,0,0,101.62,S
848,0,3,male,31.2,5,4,13.02,Q
849,1,1,female,41.4,0,0,86.37,S
850,1,1,male,35.2,0,1,103.9,Q
851,1,3,female,13.5,5,4,18.61,S
852,0,1,male,8.2,2,1,72.0,Q
853,0,3,male,54.0,3,2,8.07,Q
854,0,2,male,35.5,3,3,38.92,S
855,1,2,female,34.8,1,3,33.56,C
856,0,3,male,44.2,3,2,14.42,C
857,1,2,female,32.2,3,1,40.62,S
858,1,3,female,52.0,3,0,25.84,C
859,0,3,male,40.3,5,4,14.87,S
860,1,3,male,65.0,2,1,16.52,Q
861,0,2,male,41.8,2,4,15.64,Q
862,1,3,female,17.2,3,3,16.89,Q
863,0,3,male,41.7,1,1,15.38,S
864,1,1,male,26.7,1,3,80.08,Q
865,0,1,male,31.3,4,3,38.89,C
866,1,3,female,12.5,4,4,11.84,S
867,1,1,female,35.1,3,2,70.35,C
868,1,1,male,4.0,2,1,60.63,C
869,1,2,female,23.3,5,3,30.4,Q
870,1,3,female,2.8,4,0,13.24,C
871,0,3,female,20.3,2,2,9.37,S
872,1,1,female,16.6,0,2,117.48,C
873,1,2,female,25.9,1,1,31.88,S
874,0,3,male,34.7,1,0,10.48,Q
875,1,3,female,2.6,2,0,8.25,Q
876,1,1,female,20.0,4,0,99.35,C
877,1,3,female,4.4,5,2,12.16,S
878,1,2,female,35.9,0,4,44.24,S
879,1,1,female,36.6,0,4,43.09,S
880,1,2,female,18.4,0,2,34.29,Q
881,1,2,female,34.4,4,4,40.13,C
882,0,3,male,18.3,1,4,8.36,C
883,1,3,female,27.8,4,3,17.95,Q
884,1,1,male,24.8,1,2,91.92,C
885,0,3,male,12.0,2,2,5.94,Q
886,0,3,male,24.3,1,0,13.15,S
887,1,2,female,16.1,5,0,25.87,S
888,1,1,female,32.8,4,1,58.11,Q
889,1,3,female,31.0,0,2,10.61,Q
890,1,1,female,46.7,0,3,54.76,Q
891,1,1,male,3.9,4,2,72.76,C
892,1,1,male,31.8,4,3,55.98,Q
893,0,3,male,35.4,2,3,14.05,C
894,1,3,female,8.8,0,2,10.64,Q
895,1,3,female,53.9,2,3,5.21,Q
896,0,2,male,41.2,0,1,17.02,C
897,1,2,female,47.5,4,1,20.87,C
898,1,3,female,58.1,2,0,7.87,S
899,0,3,male,47.1,5,3,9.01,S
900,1,1,female,15.8,2,3,85.22,S
901,0,3,male,18.6,4,2,16.57,C
902,0,3,male,13.1,1,0,6.58,C
903,0,2,male,38.1,5,1,35.1,Q
904,1,3,female,2.8,1,2,14.56,S
905,1,3,female,34.6,1,3,16.12,C
906,0,3,male,33.0,4,4,12.12,Q
907,1,1,female,37.0,1,0,121.25,C
908,0,3,male,41.4,4,0,14.14,S
909,1,2,female,37.6,1,1,19.16,S
910,1,3,female,26.1,1,3,16.76,S
911,0,3,female,28.7,1,3,9.31,S
912,0,3,male,7.4,2,4,5.83,Q
913,1,1,female,38.3,5,3,98.37,Q
914,1,2,female,29.1,0,4,21.95,S
915,1,3,female,69.7,5,4,5.0,Q
916,1,1,female,16.3,3,2,79.22,S
917,0,3,male,28.9,2,3,16.96,S
918,1,3,female,34.4,0,1,13.63,C
919,1,3,female,40.2,2,4,10.47,C
920,1,2,male,11.9,1,4,61.07,Q
921,0,2,male,36.0,0,3,36.1,C
922,1,3,male,62.0,0,3,11.71,C
923,1,3,female,3.0,1,0,12.36,C
924,0,3,male,41.9,2,4,5.98,Q
925,1,3,male,12.0,3,0,11.11,S
926,1,3,female,50.9,5,0,13.03,C
927,0,3,male,34.2,0,3,9.93,Q
928,1,3,female,28.7,0,4,11.75,C
929,0,3,male,31.1,5,2,13.29,C
930,0,3,female,39.0,1,3,13.77,S
931,1,1,female,32.1,5,1,57.46,S
932,1,3,female,45.7,2,0,8.75,C
933,1,3,female,12.2,3,0,12.8,C
934,1,3,female,25.8,4,2,10.64,C
935,0,3,male,45.5,5,4,9.83,S
936,1,2,female,17.4,5,2,58.74,S
937,0,2,male,1.0,4,0,22.62,Q
938,1,1,female,18.6,4,0,109.3,S
939,0,3,male,32.3,3,2,10.93,C
940,0,3,female,22.2,1,1,9.69,S
941,1,3,female,34.6,4,0,10.56,S
942,1,1,female,16.2,5,4,87.07,Q
943,0,3,female,16.9,5,3,5.0,C
944,1,1,male,31.9,1,0,83.24,S
945,1,1,male,11.9,4,1,95.42,S
946,1,3,female,23.9,1,3,12.99,C
947,0,3,male,35.5,3,0,17.2,C
948,1,3,female,57.0,5,4,10.95,Q
949,1,3,male,13.9,4,4,12.38,Q
950,0,3,male,26.2,3,4,6.98,C
951,1,2,female,35.4,4,2,26.64,C
952,1,1,female,27.7,3,1,48.84,Q
953,1,3,female,54.2,5,3,8.11,S
954,1,3,female,55.7,5,2,10.01,C
955,0,3,male,25.3,5,3,18.84,S
956,1,1,female,41.7,3,2,97.2,S
957,1,1,male,23.1,5,1,96.88,S
958,0,3,male,34.4,0,4,8.43,S
959,1,1,female,54.5,0,4,78.05,C
960,1,3,male,21.3,3,3,5.0,S
961,0,3,male,31.8,0,1,10.9,Q
962,1,1,female,36.4,3,4,99.42,C
963,1,1,female,26.1,1,3,93.14,C
964,1,1,female,21.0,0,2,107.89,C
965,1,2,male,43.6,3,1,44.32,S
966,1,2,female,57.6,4,2,14.55,S
967,0,3,male,40.5,1,3,13.85,S
968,0,1,male,34.0,5,4,74.44,C
969,1,3,female,27.8,2,0,8.41,C
970,0,3,male,25.3,1,4,7.65,Q
971,0,3,female,48.6,3,1,7.25,C
972,1,3,female,26.4,1,4,5.19,Q
973,1,1,female,6.7,1,0,73.7,S
974,0,3,female,31.3,5,3,19.23,Q
975,1,1,female,29.0,0,0,113.26,Q
976,1,2,male,1.0,5,4,38.69,Q
977,0,3,male,23.2,5,4,14.78,Q
978,0,2,male,43.3,1,2,37.77,C
979,1,3,female,34.4,1,3,12.74,S
980,1,2,female,15.6,3,2,23.31,Q
981,1,2,female,17.3,5,3,6.33,S
982,1,1,female,45.0,4,0,111.76,Q
983,0,3,male,42.6,0,4,10.61,C
984,1,2,female,37.8,2,2,31.52,C
985,0,3,male,41.7,0,2,16.37,C
986,1,3,female,47.6,0,0,12.07,C
987,1,2,female,49.8,3,4,19.26,S
988,1,3,female,31.5,1,2,5.79,S
989,1,3,female,7.2,2,4,17.87,S
990,1,3,female,12.9,5,0,5.32,Q
991,1,3,female,23.3,4,0,11.19,S
992,0,3,male,46.4,3,4,10.65,S
993,1,3,male,40.9,1,1,11.21,Q
994,0,3,male,36.7,3,4,6.62,S
995,0,3,female,16.6,4,2,13.68,C
996,0,1,male,18.9,1,2,74.04,S
997,0,3,male,63.3,1,0,15.87,Q
998,1,2,female,48.5,2,3,47.32,S
999,0,1,male,6.6,3,0,82.06,C
1000,1,3,female,33.1,5,1,12.41,S
